title,url,thumbnail_url,channel,description
Loreen - Tattoo (Official Lyric Video),https://www.youtube.com/watch?v=4lD0-1Uplms,https://i.ytimg.com/vi/4lD0-1Uplms/hqdefault.jpg?sqp=-oaymwE2CPYBEIoBSFXyq4qpAygIARUAAIhCGAFwAcABBvABAfgB_gmAAtAFigIMCAAQARheIF4oXjAP&rs=AOn4CLAppXaqTYXYsinz9TvZWfqX80gYnw,Loreen,Winner of the Swedish Melodifestival 2023 More Loreen: https://bio.to/loreenID Lyrics: I don't wanna go But baby we both know This is not our time Itâ€™s time to say goodbye Until we meet...
PlayStation Showcase 2023 | [ENGLISH],https://www.youtube.com/watch?v=D4EKydVVvHk,https://i.ytimg.com/vi/D4EKydVVvHk/hqdefault.jpg?sqp=-oaymwEcCPYBEIoBSFXyq4qpAw4IARUAAIhCGAFwAcABBg==&rs=AOn4CLCDPiCV5gNVlmfzKIkyp9bVhZ66-g,PlayStation,"Itâ€™s almost time to see whatâ€™s next â€” PlayStation Showcase broadcasts live next Wednesday, May 24 at 1pm Pacific Time / 9pm British Time. The show will run a bit over an hour, focusing..."
Marvel's Spider-Man 2 - Gameplay Reveal | PS5 Games,https://www.youtube.com/watch?v=ZRhJT2nmvA4,https://i.ytimg.com/vi/ZRhJT2nmvA4/hqdefault.jpg?sqp=-oaymwEcCPYBEIoBSFXyq4qpAw4IARUAAIhCGAFwAcABBg==&rs=AOn4CLArcTyduB_zV5MQ_8zw454eRuy5KQ,PlayStation,"Kravenâ€™s Hunters are in pursuit of Dr. Curt Connors, AKA The Lizard, and Spider-Men, Peter Parker and Miles Morales, need to stop them. Launching Fall 2023, Marvelâ€™s Spider-Man 2 is the..."
Destiny 2: The Final Shape | Teaser Trailer,https://www.youtube.com/watch?v=gGa8K-yQr8k,,Destiny 2,"We're here now. Wherever here is. Tune into the Destiny Showcase to learn more. August 22, 2023. FOLLOW DESTINY: Facebook: https://www.facebook.com/DestinyTheGame Twitter: https://www.twitter.com..."
How LeBron was in the locker room after getting swept by the nuggets,https://www.youtube.com/watch?v=SgrLwF5pXCc,,RDCworld1,ðŸŒŽRDC's SOCIALSðŸŒŽ Mark - @SupremeDreams_1 Aff - @Affiong Leland - @23_Is_Leland Dylan - @DylanPatel4_ Desmond - @l0v3andPeac3 Benjamin - @Ive_Ben_Jammin John - @PlayThatJohn EARLY RELEASE...
The Fastest Maze-Solving Competition On Earth,https://www.youtube.com/watch?v=ZMQbHMgK2rw,,Veritasium,"Welcome to Micromouse, the fastest maze-solving competition on Earth. Join Onshapeâ€™s community of over 3 million CAD users by creating a free account here: https://Onshape.pro/Veritasium...."
"Lil Durk Addresses issues w/ NBA Youngboy & Quando Rondo ""What Did He Do???""",https://www.youtube.com/watch?v=ehfQMjbQn9o,,DJ Akademiks,Full Episode Link: http://spotify.link/offtherecord
Moneybagg Yo - Ocean Spray (Official Music Video),https://www.youtube.com/watch?v=ynQs6BHIN40,,MoneyBagg Yo,"Stream Moneybagg Yo's new song ""Ocean Spray"": https://MoneybaggYo.lnk.to/OceanSpray Follow Moneybagg Yo: https://www.instagram.com/moneybaggyo/ https://twitter.com/moneybaggyo https://www.faceboo..."
"Lil Durk Reacts to NBA Youngboy Meltdown 'How Can I use Him for Promo when Im Going to Outsell him""",https://www.youtube.com/watch?v=VhyQFV_9PYg,,DJ Akademiks,Full Episode Link: http://spotify.link/offtherecord
Our Adoption was a Scam,https://www.youtube.com/watch?v=k92wZJAF-oE,,DELLA VLOGS,We still don't understand why someone would do this. We are heartbroken for now.. but we have hope it will all work out one day. We love you all so much! DALLIN AND BELLA #dellavlogs Get...
